{
  "A": {
    "projections": [
      {
        "year": 1,
        "mwh_generated": 6447360.0,
        "energy_revenue": 386841600.0,
        "capacity_revenue": 120000000,
        "total_revenue": 506841600.0,
        "fuel_cost": 46936780.8,
        "variable_om": 12894720.0,
        "fixed_om": 40000000.0,
        "carbon_cost": 0.0,
        "total_operating_cost": 99831500.8,
        "ebitda": 407010099.2,
        "depreciation": 600000000.0,
        "ebit": -192989900.8,
        "taxes": 0.0,
        "net_income": -192989900.8,
        "operating_cash_flow": 407010099.2,
        "interest_expense": 144000000.0,
        "fcff": 263010099.2,
        "discount_factor": 0.9286775631500743,
        "pv_fcff": 244251578.0089153
      },
      {
        "year": 2,
        "mwh_generated": 6447360.0,
        "energy_revenue": 386841600.0,
        "capacity_revenue": 120000000,
        "total_revenue": 506841600.0,
        "fuel_cost": 46936780.8,
        "variable_om": 13281561.6,
        "fixed_om": 41200000.0,
        "carbon_cost": 0.0,
        "total_operating_cost": 101418342.4,
        "ebitda": 405423257.6,
        "depreciation": 960000000.0,
        "ebit": -554576742.4,
        "taxes": 0.0,
        "net_income": -554576742.4,
        "operating_cash_flow": 405423257.6,
        "interest_expense": 144000000.0,
        "fcff": 261423257.60000002,
        "discount_factor": 0.8624420162983603,
        "pv_fcff": 225462401.39182964
      },
      {
        "year": 3,
        "mwh_generated": 6447360.0,
        "energy_revenue": 386841600.0,
        "capacity_revenue": 120000000,
        "total_revenue": 506841600.0,
        "fuel_cost": 46936780.8,
        "variable_om": 13680008.447999999,
        "fixed_om": 42436000.0,
        "carbon_cost": 0.0,
        "total_operating_cost": 103052789.248,
        "ebitda": 403788810.752,
        "depreciation": 576000000.0,
        "ebit": -172211189.24800003,
        "taxes": 0.0,
        "net_income": -172211189.24800003,
        "operating_cash_flow": 403788810.752,
        "interest_expense": 144000000.0,
        "fcff": 259788810.75199997,
        "discount_factor": 0.8009305500541979,
        "pv_fcff": 208072795.09352526
      },
      {
        "year": 4,
        "mwh_generated": 6447360.0,
        "energy_revenue": 386841600.0,
        "capacity_revenue": 120000000,
        "total_revenue": 506841600.0,
        "fuel_cost": 46936780.8,
        "variable_om": 14090408.70144,
        "fixed_om": 43709080.0,
        "carbon_cost": 0.0,
        "total_operating_cost": 104736269.50143999,
        "ebitda": 402105330.49856,
        "depreciation": 345600000.0,
        "ebit": 56505330.49856001,
        "taxes": 22602132.199424006,
        "net_income": 33903198.299136005,
        "operating_cash_flow": 379503198.299136,
        "interest_expense": 144000000.0,
        "fcff": 235503198.29913598,
        "discount_factor": 0.7438062314767812,
        "pv_fcff": 175168746.42760944
      },
      {
        "year": 5,
        "mwh_generated": 6447360.0,
        "energy_revenue": 386841600.0,
        "capacity_revenue": 120000000,
        "total_revenue": 506841600.0,
        "fuel_cost": 46936780.8,
        "variable_om": 14513120.962483201,
        "fixed_om": 45020352.400000006,
        "carbon_cost": 0.0,
        "total_operating_cost": 106470254.1624832,
        "ebitda": 400371345.8375168,
        "depreciation": 345600000.0,
        "ebit": 54771345.837516785,
        "taxes": 21908538.335006714,
        "net_income": 32862807.50251007,
        "operating_cash_flow": 378462807.5025101,
        "interest_expense": 144000000.0,
        "fcff": 234462807.50251007,
        "discount_factor": 0.6907561585036972,
        "pv_fcff": 161956628.2224257
      },
      {
        "year": 6,
        "mwh_generated": 6447360.0,
        "energy_revenue": 386841600.0,
        "capacity_revenue": 120000000,
        "total_revenue": 506841600.0,
        "fuel_cost": 46936780.8,
        "variable_om": 14948514.591357697,
        "fixed_om": 46370962.972,
        "carbon_cost": 0.0,
        "total_operating_cost": 108256258.3633577,
        "ebitda": 398585341.63664234,
        "depreciation": 172800000.0,
        "ebit": 225785341.63664234,
        "taxes": 90314136.65465695,
        "net_income": 135471204.9819854,
        "operating_cash_flow": 308271204.9819854,
        "interest_expense": 144000000.0,
        "fcff": 164271204.9819854,
        "discount_factor": 0.64148974601012,
        "pv_fcff": 105378293.56067017
      },
      {
        "year": 7,
        "mwh_generated": 6447360.0,
        "energy_revenue": 386841600.0,
        "capacity_revenue": 120000000,
        "total_revenue": 506841600.0,
        "fuel_cost": 46936780.8,
        "variable_om": 15396970.029098429,
        "fixed_om": 47762091.86116,
        "carbon_cost": 0.0,
        "total_operating_cost": 110095842.69025843,
        "ebitda": 396745757.30974156,
        "depreciation": 0.0,
        "ebit": 396745757.30974156,
        "taxes": 158698302.92389664,
        "net_income": 238047454.38584492,
        "operating_cash_flow": 238047454.38584492,
        "interest_expense": 144000000.0,
        "fcff": 94047454.38584492,
        "discount_factor": 0.5957371341104384,
        "pv_fcff": 56027560.94620543
      },
      {
        "year": 8,
        "mwh_generated": 6447360.0,
        "energy_revenue": 386841600.0,
        "capacity_revenue": 120000000,
        "total_revenue": 506841600.0,
        "fuel_cost": 46936780.8,
        "variable_om": 15858879.129971383,
        "fixed_om": 49194954.616994806,
        "carbon_cost": 0.0,
        "total_operating_cost": 111990614.5469662,
        "ebitda": 394850985.4530338,
        "depreciation": 0.0,
        "ebit": 394850985.4530338,
        "taxes": 157940394.18121353,
        "net_income": 236910591.27182028,
        "operating_cash_flow": 236910591.27182028,
        "interest_expense": 144000000.0,
        "fcff": 92910591.27182028,
        "discount_factor": 0.5532477099836909,
        "pv_fcff": 51402571.85436527
      },
      {
        "year": 9,
        "mwh_generated": 6447360.0,
        "energy_revenue": 386841600.0,
        "capacity_revenue": 120000000,
        "total_revenue": 506841600.0,
        "fuel_cost": 46936780.8,
        "variable_om": 16334645.503870524,
        "fixed_om": 50670803.25550465,
        "carbon_cost": 0.0,
        "total_operating_cost": 113942229.55937517,
        "ebitda": 392899370.44062483,
        "depreciation": 0.0,
        "ebit": 392899370.44062483,
        "taxes": 157159748.17624995,
        "net_income": 235739622.26437488,
        "operating_cash_flow": 235739622.26437488,
        "interest_expense": 144000000.0,
        "fcff": 91739622.26437488,
        "discount_factor": 0.5137887351260131,
        "pv_fcff": 47134784.4841514
      },
      {
        "year": 10,
        "mwh_generated": 6447360.0,
        "energy_revenue": 386841600.0,
        "capacity_revenue": 120000000,
        "total_revenue": 506841600.0,
        "fuel_cost": 46936780.8,
        "variable_om": 16824684.86898664,
        "fixed_om": 52190927.3531698,
        "carbon_cost": 0.0,
        "total_operating_cost": 115952393.02215643,
        "ebitda": 390889206.9778436,
        "depreciation": 0.0,
        "ebit": 390889206.9778436,
        "taxes": 156355682.79113743,
        "net_income": 234533524.18670616,
        "operating_cash_flow": 234533524.18670616,
        "interest_expense": 144000000.0,
        "fcff": 90533524.18670616,
        "discount_factor": 0.47714407051078483,
        "pv_fcff": 43197534.248131566
      },
      {
        "year": 11,
        "mwh_generated": 6447360.0,
        "energy_revenue": 386841600.0,
        "capacity_revenue": 120000000,
        "total_revenue": 506841600.0,
        "fuel_cost": 46936780.8,
        "variable_om": 17329425.41505624,
        "fixed_om": 53756655.17376489,
        "carbon_cost": 0.0,
        "total_operating_cost": 118022861.38882113,
        "ebitda": 388818738.6111789,
        "depreciation": 0.0,
        "ebit": 388818738.6111789,
        "taxes": 155527495.44447157,
        "net_income": 233291243.1667073,
        "operating_cash_flow": 233291243.1667073,
        "interest_expense": 144000000.0,
        "fcff": 89291243.1667073,
        "discount_factor": 0.4431129926734628,
        "pv_fcff": 39566109.97913356
      },
      {
        "year": 12,
        "mwh_generated": 6447360.0,
        "energy_revenue": 386841600.0,
        "capacity_revenue": 120000000,
        "total_revenue": 506841600.0,
        "fuel_cost": 46936780.8,
        "variable_om": 17849308.177507926,
        "fixed_om": 55369354.82897784,
        "carbon_cost": 0.0,
        "total_operating_cost": 120155443.80648576,
        "ebitda": 386686156.1935142,
        "depreciation": 0.0,
        "ebit": 386686156.1935142,
        "taxes": 154674462.4774057,
        "net_income": 232011693.71610853,
        "operating_cash_flow": 232011693.71610853,
        "interest_expense": 144000000.0,
        "fcff": 88011693.71610853,
        "discount_factor": 0.41150909423612825,
        "pv_fcff": 36217612.36330336
      },
      {
        "year": 13,
        "mwh_generated": 6447360.0,
        "energy_revenue": 386841600.0,
        "capacity_revenue": 120000000,
        "total_revenue": 506841600.0,
        "fuel_cost": 46936780.8,
        "variable_om": 18384787.422833163,
        "fixed_om": 57030435.47384717,
        "carbon_cost": 0.0,
        "total_operating_cost": 122352003.69668034,
        "ebitda": 384489596.3033197,
        "depreciation": 0.0,
        "ebit": 384489596.3033197,
        "taxes": 153795838.52132788,
        "net_income": 230693757.7819918,
        "operating_cash_flow": 230693757.7819918,
        "interest_expense": 144000000.0,
        "fcff": 86693757.78199181,
        "discount_factor": 0.38215926284930185,
        "pv_fcff": 33130822.567601915
      },
      {
        "year": 14,
        "mwh_generated": 6447360.0,
        "energy_revenue": 386841600.0,
        "capacity_revenue": 120000000,
        "total_revenue": 506841600.0,
        "fuel_cost": 46936780.8,
        "variable_om": 18936331.04551816,
        "fixed_om": 58741348.538062595,
        "carbon_cost": 0.0,
        "total_operating_cost": 124614460.38358074,
        "ebitda": 382227139.61641926,
        "depreciation": 0.0,
        "ebit": 382227139.61641926,
        "taxes": 152890855.84656772,
        "net_income": 229336283.76985154,
        "operating_cash_flow": 229336283.76985154,
        "interest_expense": 144000000.0,
        "fcff": 85336283.76985154,
        "discount_factor": 0.3549027329581184,
        "pv_fcff": 30286080.330409836
      },
      {
        "year": 15,
        "mwh_generated": 6447360.0,
        "energy_revenue": 386841600.0,
        "capacity_revenue": 120000000,
        "total_revenue": 506841600.0,
        "fuel_cost": 46936780.8,
        "variable_om": 19504420.97688371,
        "fixed_om": 60503588.99420448,
        "carbon_cost": 0.0,
        "total_operating_cost": 126944790.77108818,
        "ebitda": 379896809.2289118,
        "depreciation": 0.0,
        "ebit": 379896809.2289118,
        "taxes": 151958723.69156474,
        "net_income": 227938085.53734708,
        "operating_cash_flow": 227938085.53734708,
        "interest_expense": 144000000.0,
        "fcff": 83938085.53734708,
        "discount_factor": 0.3295902051988469,
        "pv_fcff": 27665170.83625259
      },
      {
        "year": 16,
        "mwh_generated": 6447360.0,
        "energy_revenue": 386841600.0,
        "capacity_revenue": 120000000,
        "total_revenue": 506841600.0,
        "fuel_cost": 46936780.8,
        "variable_om": 20089553.60619022,
        "fixed_om": 62318696.664030604,
        "carbon_cost": 0.0,
        "total_operating_cost": 129345031.07022083,
        "ebitda": 377496568.9297792,
        "depreciation": 0.0,
        "ebit": 377496568.9297792,
        "taxes": 150998627.57191166,
        "net_income": 226497941.3578675,
        "operating_cash_flow": 226497941.3578675,
        "interest_expense": 144000000.0,
        "fcff": 82497941.35786751,
        "discount_factor": 0.30608302860219816,
        "pv_fcff": 25251219.74426263
      },
      {
        "year": 17,
        "mwh_generated": 6447360.0,
        "energy_revenue": 386841600.0,
        "capacity_revenue": 120000000,
        "total_revenue": 506841600.0,
        "fuel_cost": 46936780.8,
        "variable_om": 20692240.214375924,
        "fixed_om": 64188257.56395153,
        "carbon_cost": 0.0,
        "total_operating_cost": 131817278.57832745,
        "ebitda": 375024321.4216726,
        "depreciation": 0.0,
        "ebit": 375024321.4216726,
        "taxes": 150009728.56866905,
        "net_income": 225014592.85300353,
        "operating_cash_flow": 225014592.85300353,
        "interest_expense": 144000000.0,
        "fcff": 81014592.85300353,
        "discount_factor": 0.28425244112388387,
        "pv_fcff": 23028595.78512381
      }
    ],
    "summary": {
      "npv": -1466801494.156083,
      "irr": 0.0,
      "avg_annual_ebitda": 392194637.4123976,
      "avg_annual_fcff": 140263186.38983852,
      "cumulative_fcff": 2384474168.627255,
      "total_revenue": 8616307200.0,
      "total_ebitda": 6667308836.010759
    }
  },
  "B": {
    "projections": [
      {
        "year": 1,
        "mwh_generated": 3372600.0,
        "energy_revenue": 185493000.0,
        "capacity_revenue": 55000000,
        "total_revenue": 240493000.0,
        "fuel_cost": 77780587.5,
        "variable_om": 9274650.0,
        "fixed_om": 7975000.0,
        "carbon_cost": 24282719.999999996,
        "total_operating_cost": 119312957.5,
        "ebitda": 121180042.5,
        "depreciation": 137500000.0,
        "ebit": -16319957.5,
        "taxes": 0.0,
        "net_income": -16319957.5,
        "operating_cash_flow": 121180042.5,
        "interest_expense": 33000000.0,
        "fcff": 88180042.5,
        "discount_factor": 0.9286775631500743,
        "pv_fcff": 81890826.98736998
      },
      {
        "year": 2,
        "mwh_generated": 3372600.0,
        "energy_revenue": 185493000.0,
        "capacity_revenue": 55000000,
        "total_revenue": 240493000.0,
        "fuel_cost": 77780587.5,
        "variable_om": 9552889.5,
        "fixed_om": 8214250.0,
        "carbon_cost": 24282719.999999996,
        "total_operating_cost": 119830447.0,
        "ebitda": 120662553.0,
        "depreciation": 220000000.0,
        "ebit": -99337447.0,
        "taxes": 0.0,
        "net_income": -99337447.0,
        "operating_cash_flow": 120662553.0,
        "interest_expense": 33000000.0,
        "fcff": 87662553.0,
        "discount_factor": 0.8624420162983603,
        "pv_fcff": 75603868.96318187
      },
      {
        "year": 3,
        "mwh_generated": 3372600.0,
        "energy_revenue": 185493000.0,
        "capacity_revenue": 55000000,
        "total_revenue": 240493000.0,
        "fuel_cost": 77780587.5,
        "variable_om": 9839476.184999999,
        "fixed_om": 8460677.5,
        "carbon_cost": 24282719.999999996,
        "total_operating_cost": 120363461.185,
        "ebitda": 120129538.815,
        "depreciation": 132000000.0,
        "ebit": -11870461.185000002,
        "taxes": 0.0,
        "net_income": -11870461.185000002,
        "operating_cash_flow": 120129538.815,
        "interest_expense": 33000000.0,
        "fcff": 87129538.815,
        "discount_factor": 0.8009305500541979,
        "pv_fcff": 69784709.44906653
      },
      {
        "year": 4,
        "mwh_generated": 3372600.0,
        "energy_revenue": 185493000.0,
        "capacity_revenue": 55000000,
        "total_revenue": 240493000.0,
        "fuel_cost": 77780587.5,
        "variable_om": 10134660.47055,
        "fixed_om": 8714497.825,
        "carbon_cost": 24282719.999999996,
        "total_operating_cost": 120912465.79555,
        "ebitda": 119580534.20445,
        "depreciation": 79200000.0,
        "ebit": 40380534.20445,
        "taxes": 16152213.68178,
        "net_income": 24228320.522669997,
        "operating_cash_flow": 103428320.52267,
        "interest_expense": 33000000.0,
        "fcff": 70428320.52267,
        "discount_factor": 0.7438062314767812,
        "pv_fcff": 52385023.67720602
      },
      {
        "year": 5,
        "mwh_generated": 3372600.0,
        "energy_revenue": 185493000.0,
        "capacity_revenue": 55000000,
        "total_revenue": 240493000.0,
        "fuel_cost": 77780587.5,
        "variable_om": 10438700.284666501,
        "fixed_om": 8975932.759750001,
        "carbon_cost": 24282719.999999996,
        "total_operating_cost": 121477940.54441652,
        "ebitda": 119015059.45558348,
        "depreciation": 79200000.0,
        "ebit": 39815059.45558348,
        "taxes": 15926023.782233395,
        "net_income": 23889035.67335009,
        "operating_cash_flow": 103089035.6733501,
        "interest_expense": 33000000.0,
        "fcff": 70089035.6733501,
        "discount_factor": 0.6907561585036972,
        "pv_fcff": 48414433.0349519
      },
      {
        "year": 6,
        "mwh_generated": 3372600.0,
        "energy_revenue": 185493000.0,
        "capacity_revenue": 55000000,
        "total_revenue": 240493000.0,
        "fuel_cost": 77780587.5,
        "variable_om": 10751861.293206496,
        "fixed_om": 9245210.7425425,
        "carbon_cost": 24282719.999999996,
        "total_operating_cost": 122060379.535749,
        "ebitda": 118432620.464251,
        "depreciation": 39600000.0,
        "ebit": 78832620.464251,
        "taxes": 31533048.1857004,
        "net_income": 47299572.278550595,
        "operating_cash_flow": 86899572.2785506,
        "interest_expense": 33000000.0,
        "fcff": 53899572.278550595,
        "discount_factor": 0.64148974601012,
        "pv_fcff": 34576022.93102153
      },
      {
        "year": 7,
        "mwh_generated": 3372600.0,
        "energy_revenue": 185493000.0,
        "capacity_revenue": 55000000,
        "total_revenue": 240493000.0,
        "fuel_cost": 77780587.5,
        "variable_om": 11074417.13200269,
        "fixed_om": 9522567.064818775,
        "carbon_cost": 24282719.999999996,
        "total_operating_cost": 122660291.69682147,
        "ebitda": 117832708.30317853,
        "depreciation": 0.0,
        "ebit": 117832708.30317853,
        "taxes": 47133083.32127142,
        "net_income": 70699624.98190711,
        "operating_cash_flow": 70699624.98190711,
        "interest_expense": 33000000.0,
        "fcff": 37699624.981907114,
        "discount_factor": 0.5957371341104384,
        "pv_fcff": 22459066.543759633
      },
      {
        "year": 8,
        "mwh_generated": 3372600.0,
        "energy_revenue": 185493000.0,
        "capacity_revenue": 55000000,
        "total_revenue": 240493000.0,
        "fuel_cost": 77780587.5,
        "variable_om": 11406649.645962773,
        "fixed_om": 9808244.07676334,
        "carbon_cost": 24282719.999999996,
        "total_operating_cost": 123278201.2227261,
        "ebitda": 117214798.7772739,
        "depreciation": 0.0,
        "ebit": 117214798.7772739,
        "taxes": 46885919.51090956,
        "net_income": 70328879.26636434,
        "operating_cash_flow": 70328879.26636434,
        "interest_expense": 33000000.0,
        "fcff": 37328879.266364336,
        "discount_factor": 0.5532477099836909,
        "pv_fcff": 20652116.970373746
      },
      {
        "year": 9,
        "mwh_generated": 3372600.0,
        "energy_revenue": 185493000.0,
        "capacity_revenue": 55000000,
        "total_revenue": 240493000.0,
        "fuel_cost": 77780587.5,
        "variable_om": 11748849.135341655,
        "fixed_om": 10102491.399066241,
        "carbon_cost": 24282719.999999996,
        "total_operating_cost": 123914648.0344079,
        "ebitda": 116578351.9655921,
        "depreciation": 0.0,
        "ebit": 116578351.9655921,
        "taxes": 46631340.786236845,
        "net_income": 69947011.17935526,
        "operating_cash_flow": 69947011.17935526,
        "interest_expense": 33000000.0,
        "fcff": 36947011.17935526,
        "discount_factor": 0.5137887351260131,
        "pv_fcff": 18982958.140527606
      },
      {
        "year": 10,
        "mwh_generated": 3372600.0,
        "energy_revenue": 185493000.0,
        "capacity_revenue": 55000000,
        "total_revenue": 240493000.0,
        "fuel_cost": 77780587.5,
        "variable_om": 12101314.609401906,
        "fixed_om": 10405566.141038228,
        "carbon_cost": 24282719.999999996,
        "total_operating_cost": 124570188.25044014,
        "ebitda": 115922811.74955986,
        "depreciation": 0.0,
        "ebit": 115922811.74955986,
        "taxes": 46369124.699823946,
        "net_income": 69553687.04973592,
        "operating_cash_flow": 69553687.04973592,
        "interest_expense": 33000000.0,
        "fcff": 36553687.04973592,
        "discount_factor": 0.47714407051078483,
        "pv_fcff": 17441375.031088356
      },
      {
        "year": 11,
        "mwh_generated": 3372600.0,
        "energy_revenue": 185493000.0,
        "capacity_revenue": 55000000,
        "total_revenue": 240493000.0,
        "fuel_cost": 77780587.5,
        "variable_om": 12464354.047683964,
        "fixed_om": 10717733.125269374,
        "carbon_cost": 24282719.999999996,
        "total_operating_cost": 125245394.67295334,
        "ebitda": 115247605.32704666,
        "depreciation": 0.0,
        "ebit": 115247605.32704666,
        "taxes": 46099042.130818665,
        "net_income": 69148563.196228,
        "operating_cash_flow": 69148563.196228,
        "interest_expense": 33000000.0,
        "fcff": 36148563.196228,
        "discount_factor": 0.4431129926734628,
        "pv_fcff": 16017898.018726384
      },
      {
        "year": 12,
        "mwh_generated": 3372600.0,
        "energy_revenue": 185493000.0,
        "capacity_revenue": 55000000,
        "total_revenue": 240493000.0,
        "fuel_cost": 77780587.5,
        "variable_om": 12838284.669114482,
        "fixed_om": 11039265.119027456,
        "carbon_cost": 24282719.999999996,
        "total_operating_cost": 125940857.28814194,
        "ebitda": 114552142.71185806,
        "depreciation": 0.0,
        "ebit": 114552142.71185806,
        "taxes": 45820857.08474323,
        "net_income": 68731285.62711483,
        "operating_cash_flow": 68731285.62711483,
        "interest_expense": 33000000.0,
        "fcff": 35731285.62711483,
        "discount_factor": 0.41150909423612825,
        "pv_fcff": 14703748.984306412
      },
      {
        "year": 13,
        "mwh_generated": 3372600.0,
        "energy_revenue": 185493000.0,
        "capacity_revenue": 55000000,
        "total_revenue": 240493000.0,
        "fuel_cost": 77780587.5,
        "variable_om": 13223433.209187917,
        "fixed_om": 11370443.07259828,
        "carbon_cost": 24282719.999999996,
        "total_operating_cost": 126657183.7817862,
        "ebitda": 113835816.2182138,
        "depreciation": 0.0,
        "ebit": 113835816.2182138,
        "taxes": 45534326.487285525,
        "net_income": 68301489.73092827,
        "operating_cash_flow": 68301489.73092827,
        "interest_expense": 33000000.0,
        "fcff": 35301489.73092827,
        "discount_factor": 0.38215926284930185,
        "pv_fcff": 13490791.293053748
      },
      {
        "year": 14,
        "mwh_generated": 3372600.0,
        "energy_revenue": 185493000.0,
        "capacity_revenue": 55000000,
        "total_revenue": 240493000.0,
        "fuel_cost": 77780587.5,
        "variable_om": 13620136.205463555,
        "fixed_om": 11711556.36477623,
        "carbon_cost": 24282719.999999996,
        "total_operating_cost": 127395000.07023978,
        "ebitda": 113097999.92976022,
        "depreciation": 0.0,
        "ebit": 113097999.92976022,
        "taxes": 45239199.97190409,
        "net_income": 67858799.95785612,
        "operating_cash_flow": 67858799.95785612,
        "interest_expense": 33000000.0,
        "fcff": 34858799.95785612,
        "discount_factor": 0.3549027329581184,
        "pv_fcff": 12371483.37268348
      },
      {
        "year": 15,
        "mwh_generated": 3372600.0,
        "energy_revenue": 185493000.0,
        "capacity_revenue": 55000000,
        "total_revenue": 240493000.0,
        "fuel_cost": 77780587.5,
        "variable_om": 14028740.291627463,
        "fixed_om": 12062903.055719517,
        "carbon_cost": 24282719.999999996,
        "total_operating_cost": 128154950.84734699,
        "ebitda": 112338049.15265301,
        "depreciation": 0.0,
        "ebit": 112338049.15265301,
        "taxes": 44935219.661061205,
        "net_income": 67402829.49159181,
        "operating_cash_flow": 67402829.49159181,
        "interest_expense": 33000000.0,
        "fcff": 34402829.49159181,
        "discount_factor": 0.3295902051988469,
        "pv_fcff": 11338835.631554687
      },
      {
        "year": 16,
        "mwh_generated": 3372600.0,
        "energy_revenue": 185493000.0,
        "capacity_revenue": 55000000,
        "total_revenue": 240493000.0,
        "fuel_cost": 77780587.5,
        "variable_om": 14449602.500376286,
        "fixed_om": 12424790.147391101,
        "carbon_cost": 24282719.999999996,
        "total_operating_cost": 128937700.14776738,
        "ebitda": 111555299.85223262,
        "depreciation": 0.0,
        "ebit": 111555299.85223262,
        "taxes": 44622119.940893054,
        "net_income": 66933179.911339566,
        "operating_cash_flow": 66933179.911339566,
        "interest_expense": 33000000.0,
        "fcff": 33933179.911339566,
        "discount_factor": 0.30608302860219816,
        "pv_fcff": 10386370.477366084
      },
      {
        "year": 17,
        "mwh_generated": 3372600.0,
        "energy_revenue": 185493000.0,
        "capacity_revenue": 55000000,
        "total_revenue": 240493000.0,
        "fuel_cost": 77780587.5,
        "variable_om": 14883090.575387577,
        "fixed_om": 12797533.851812836,
        "carbon_cost": 24282719.999999996,
        "total_operating_cost": 129743931.92720042,
        "ebitda": 110749068.07279958,
        "depreciation": 0.0,
        "ebit": 110749068.07279958,
        "taxes": 44299627.22911984,
        "net_income": 66449440.84367974,
        "operating_cash_flow": 66449440.84367974,
        "interest_expense": 33000000.0,
        "fcff": 33449440.84367974,
        "discount_factor": 0.28425244112388387,
        "pv_fcff": 9508085.214044912
      },
      {
        "year": 18,
        "mwh_generated": 3372600.0,
        "energy_revenue": 185493000.0,
        "capacity_revenue": 55000000,
        "total_revenue": 240493000.0,
        "fuel_cost": 77780587.5,
        "variable_om": 15329583.292649202,
        "fixed_om": 13181459.867367221,
        "carbon_cost": 24282719.999999996,
        "total_operating_cost": 130574350.66001643,
        "ebitda": 109918649.33998357,
        "depreciation": 0.0,
        "ebit": 109918649.33998357,
        "taxes": 43967459.73599343,
        "net_income": 65951189.60399014,
        "operating_cash_flow": 65951189.60399014,
        "interest_expense": 33000000.0,
        "fcff": 32951189.603990138,
        "discount_factor": 0.26397886434238843,
        "pv_fcff": 8698417.610392032
      },
      {
        "year": 19,
        "mwh_generated": 3372600.0,
        "energy_revenue": 185493000.0,
        "capacity_revenue": 55000000,
        "total_revenue": 240493000.0,
        "fuel_cost": 77780587.5,
        "variable_om": 15789470.791428681,
        "fixed_om": 13576903.66338824,
        "carbon_cost": 24282719.999999996,
        "total_operating_cost": 131429681.95481692,
        "ebitda": 109063318.04518308,
        "depreciation": 0.0,
        "ebit": 109063318.04518308,
        "taxes": 43625327.218073234,
        "net_income": 65437990.82710984,
        "operating_cash_flow": 65437990.82710984,
        "interest_expense": 33000000.0,
        "fcff": 32437990.827109843,
        "discount_factor": 0.24515124846061334,
        "pv_fcff": 7952213.948819902
      },
      {
        "year": 20,
        "mwh_generated": 3372600.0,
        "energy_revenue": 185493000.0,
        "capacity_revenue": 55000000,
        "total_revenue": 240493000.0,
        "fuel_cost": 77780587.5,
        "variable_om": 16263154.915171541,
        "fixed_om": 13984210.773289885,
        "carbon_cost": 24282719.999999996,
        "total_operating_cost": 132310673.18846142,
        "ebitda": 108182326.81153858,
        "depreciation": 0.0,
        "ebit": 108182326.81153858,
        "taxes": 43272930.72461543,
        "net_income": 64909396.086923145,
        "operating_cash_flow": 64909396.086923145,
        "interest_expense": 33000000.0,
        "fcff": 31909396.086923145,
        "discount_factor": 0.2276664640236008,
        "pv_fcff": 7264699.376238316
      }
    ],
    "summary": {
      "npv": -133577054.34426689,
      "irr": 0.0,
      "avg_annual_ebitda": 115254464.7348079,
      "avg_annual_fcff": 47352121.52718474,
      "cumulative_fcff": 947042430.5436947,
      "total_revenue": 4809860000.0,
      "total_ebitda": 2305089294.696158
    }
  },
  "C": {
    "projections": [
      {
        "year": 1,
        "mwh_generated": 2890800.0,
        "energy_revenue": 158994000.0,
        "capacity_revenue": 55000000,
        "total_revenue": 213994000.0,
        "fuel_cost": 70463249.99999999,
        "variable_om": 2890800.0,
        "fixed_om": 5500000.0,
        "carbon_cost": 25294500.0,
        "total_operating_cost": 104148549.99999999,
        "ebitda": 109845450.00000001,
        "depreciation": 90000000.0,
        "ebit": 19845450.000000015,
        "taxes": 7938180.0000000065,
        "net_income": 11907270.000000007,
        "operating_cash_flow": 101907270.0,
        "interest_expense": 21600000.0,
        "fcff": 80307270.0,
        "discount_factor": 0.9286775631500743,
        "pv_fcff": 74579559.80683507
      },
      {
        "year": 2,
        "mwh_generated": 2890800.0,
        "energy_revenue": 158994000.0,
        "capacity_revenue": 55000000,
        "total_revenue": 213994000.0,
        "fuel_cost": 70463249.99999999,
        "variable_om": 2977524.0,
        "fixed_om": 5665000.0,
        "carbon_cost": 25294500.0,
        "total_operating_cost": 104400273.99999999,
        "ebitda": 109593726.00000001,
        "depreciation": 144000000.0,
        "ebit": -34406273.999999985,
        "taxes": 0.0,
        "net_income": -34406273.999999985,
        "operating_cash_flow": 109593726.00000001,
        "interest_expense": 21600000.0,
        "fcff": 87993726.00000001,
        "discount_factor": 0.8624420162983603,
        "pv_fcff": 75889486.47304545
      },
      {
        "year": 3,
        "mwh_generated": 2890800.0,
        "energy_revenue": 158994000.0,
        "capacity_revenue": 55000000,
        "total_revenue": 213994000.0,
        "fuel_cost": 70463249.99999999,
        "variable_om": 3066849.7199999997,
        "fixed_om": 5834950.0,
        "carbon_cost": 25294500.0,
        "total_operating_cost": 104659549.71999998,
        "ebitda": 109334450.28000002,
        "depreciation": 86400000.0,
        "ebit": 22934450.280000016,
        "taxes": 9173780.112000007,
        "net_income": 13760670.168000009,
        "operating_cash_flow": 100160670.16800001,
        "interest_expense": 21600000.0,
        "fcff": 78560670.16800001,
        "discount_factor": 0.8009305500541979,
        "pv_fcff": 62921640.77028266
      },
      {
        "year": 4,
        "mwh_generated": 2890800.0,
        "energy_revenue": 158994000.0,
        "capacity_revenue": 55000000,
        "total_revenue": 213994000.0,
        "fuel_cost": 70463249.99999999,
        "variable_om": 3158855.2116,
        "fixed_om": 6009998.5,
        "carbon_cost": 25294500.0,
        "total_operating_cost": 104926603.71159999,
        "ebitda": 109067396.28840001,
        "depreciation": 51840000.0,
        "ebit": 57227396.28840001,
        "taxes": 22890958.515360005,
        "net_income": 34336437.773040004,
        "operating_cash_flow": 86176437.77304,
        "interest_expense": 21600000.0,
        "fcff": 64576437.77304,
        "discount_factor": 0.7438062314767812,
        "pv_fcff": 48032356.822159745
      },
      {
        "year": 5,
        "mwh_generated": 2890800.0,
        "energy_revenue": 158994000.0,
        "capacity_revenue": 55000000,
        "total_revenue": 213994000.0,
        "fuel_cost": 70463249.99999999,
        "variable_om": 3253620.8679480003,
        "fixed_om": 6190298.455000001,
        "carbon_cost": 25294500.0,
        "total_operating_cost": 105201669.32294798,
        "ebitda": 108792330.67705202,
        "depreciation": 51840000.0,
        "ebit": 56952330.67705202,
        "taxes": 22780932.27082081,
        "net_income": 34171398.40623121,
        "operating_cash_flow": 86011398.40623121,
        "interest_expense": 21600000.0,
        "fcff": 64411398.40623121,
        "discount_factor": 0.6907561585036972,
        "pv_fcff": 44492570.12693944
      },
      {
        "year": 6,
        "mwh_generated": 2890800.0,
        "energy_revenue": 158994000.0,
        "capacity_revenue": 55000000,
        "total_revenue": 213994000.0,
        "fuel_cost": 70463249.99999999,
        "variable_om": 3351229.4939864404,
        "fixed_om": 6376007.408650001,
        "carbon_cost": 25294500.0,
        "total_operating_cost": 105484986.90263642,
        "ebitda": 108509013.09736358,
        "depreciation": 25920000.0,
        "ebit": 82589013.09736358,
        "taxes": 33035605.238945432,
        "net_income": 49553407.858418144,
        "operating_cash_flow": 75473407.85841814,
        "interest_expense": 21600000.0,
        "fcff": 53873407.85841814,
        "discount_factor": 0.64148974601012,
        "pv_fcff": 34559238.723796256
      },
      {
        "year": 7,
        "mwh_generated": 2890800.0,
        "energy_revenue": 158994000.0,
        "capacity_revenue": 55000000,
        "total_revenue": 213994000.0,
        "fuel_cost": 70463249.99999999,
        "variable_om": 3451766.3788060336,
        "fixed_om": 6567287.630909501,
        "carbon_cost": 25294500.0,
        "total_operating_cost": 105776804.00971553,
        "ebitda": 108217195.99028447,
        "depreciation": 0.0,
        "ebit": 108217195.99028447,
        "taxes": 43286878.39611379,
        "net_income": 64930317.59417068,
        "operating_cash_flow": 64930317.59417068,
        "interest_expense": 21600000.0,
        "fcff": 43330317.59417068,
        "discount_factor": 0.5957371341104384,
        "pv_fcff": 25813479.223646346
      },
      {
        "year": 8,
        "mwh_generated": 2890800.0,
        "energy_revenue": 158994000.0,
        "capacity_revenue": 55000000,
        "total_revenue": 213994000.0,
        "fuel_cost": 70463249.99999999,
        "variable_om": 3555319.3701702147,
        "fixed_om": 6764306.259836786,
        "carbon_cost": 25294500.0,
        "total_operating_cost": 106077375.630007,
        "ebitda": 107916624.369993,
        "depreciation": 0.0,
        "ebit": 107916624.369993,
        "taxes": 43166649.7479972,
        "net_income": 64749974.6219958,
        "operating_cash_flow": 64749974.6219958,
        "interest_expense": 21600000.0,
        "fcff": 43149974.6219958,
        "discount_factor": 0.5532477099836909,
        "pv_fcff": 23872624.645473555
      },
      {
        "year": 9,
        "mwh_generated": 2890800.0,
        "energy_revenue": 158994000.0,
        "capacity_revenue": 55000000,
        "total_revenue": 213994000.0,
        "fuel_cost": 70463249.99999999,
        "variable_om": 3661978.951275321,
        "fixed_om": 6967235.44763189,
        "carbon_cost": 25294500.0,
        "total_operating_cost": 106386964.3989072,
        "ebitda": 107607035.6010928,
        "depreciation": 0.0,
        "ebit": 107607035.6010928,
        "taxes": 43042814.24043712,
        "net_income": 64564221.36065568,
        "operating_cash_flow": 64564221.36065568,
        "interest_expense": 21600000.0,
        "fcff": 42964221.36065568,
        "discount_factor": 0.5137887351260131,
        "pv_fcff": 22074532.948565315
      },
      {
        "year": 10,
        "mwh_generated": 2890800.0,
        "energy_revenue": 158994000.0,
        "capacity_revenue": 55000000,
        "total_revenue": 213994000.0,
        "fuel_cost": 70463249.99999999,
        "variable_om": 3771838.319813581,
        "fixed_om": 7176252.511060847,
        "carbon_cost": 25294500.0,
        "total_operating_cost": 106705840.83087441,
        "ebitda": 107288159.16912559,
        "depreciation": 0.0,
        "ebit": 107288159.16912559,
        "taxes": 42915263.66765024,
        "net_income": 64372895.50147535,
        "operating_cash_flow": 64372895.50147535,
        "interest_expense": 21600000.0,
        "fcff": 42772895.50147535,
        "discount_factor": 0.47714407051078483,
        "pv_fcff": 20408833.467106387
      },
      {
        "year": 11,
        "mwh_generated": 2890800.0,
        "energy_revenue": 158994000.0,
        "capacity_revenue": 55000000,
        "total_revenue": 213994000.0,
        "fuel_cost": 70463249.99999999,
        "variable_om": 3884993.4694079887,
        "fixed_om": 7391540.086392672,
        "carbon_cost": 25294500.0,
        "total_operating_cost": 107034283.55580065,
        "ebitda": 106959716.44419935,
        "depreciation": 0.0,
        "ebit": 106959716.44419935,
        "taxes": 42783886.577679746,
        "net_income": 64175829.86651961,
        "operating_cash_flow": 64175829.86651961,
        "interest_expense": 21600000.0,
        "fcff": 42575829.86651961,
        "discount_factor": 0.4431129926734628,
        "pv_fcff": 18865903.387709703
      },
      {
        "year": 12,
        "mwh_generated": 2890800.0,
        "energy_revenue": 158994000.0,
        "capacity_revenue": 55000000,
        "total_revenue": 213994000.0,
        "fuel_cost": 70463249.99999999,
        "variable_om": 4001543.273490228,
        "fixed_om": 7613286.288984452,
        "carbon_cost": 25294500.0,
        "total_operating_cost": 107372579.56247467,
        "ebitda": 106621420.43752533,
        "depreciation": 0.0,
        "ebit": 106621420.43752533,
        "taxes": 42648568.17501014,
        "net_income": 63972852.262515195,
        "operating_cash_flow": 63972852.262515195,
        "interest_expense": 21600000.0,
        "fcff": 42372852.262515195,
        "discount_factor": 0.41150909423612825,
        "pv_fcff": 17436814.054748904
      },
      {
        "year": 13,
        "mwh_generated": 2890800.0,
        "energy_revenue": 158994000.0,
        "capacity_revenue": 55000000,
        "total_revenue": 213994000.0,
        "fuel_cost": 70463249.99999999,
        "variable_om": 4121589.571694935,
        "fixed_om": 7841684.877653986,
        "carbon_cost": 25294500.0,
        "total_operating_cost": 107721024.44934891,
        "ebitda": 106272975.55065109,
        "depreciation": 0.0,
        "ebit": 106272975.55065109,
        "taxes": 42509190.22026044,
        "net_income": 63763785.33039065,
        "operating_cash_flow": 63763785.33039065,
        "interest_expense": 21600000.0,
        "fcff": 42163785.33039065,
        "discount_factor": 0.38215926284930185,
        "pv_fcff": 16113281.120798297
      },
      {
        "year": 14,
        "mwh_generated": 2890800.0,
        "energy_revenue": 158994000.0,
        "capacity_revenue": 55000000,
        "total_revenue": 213994000.0,
        "fuel_cost": 70463249.99999999,
        "variable_om": 4245237.258845784,
        "fixed_om": 8076935.4239836065,
        "carbon_cost": 25294500.0,
        "total_operating_cost": 108079922.68282938,
        "ebitda": 105914077.31717062,
        "depreciation": 0.0,
        "ebit": 105914077.31717062,
        "taxes": 42365630.92686825,
        "net_income": 63548446.39030237,
        "operating_cash_flow": 63548446.39030237,
        "interest_expense": 21600000.0,
        "fcff": 41948446.39030237,
        "discount_factor": 0.3549027329581184,
        "pv_fcff": 14887618.267265428
      },
      {
        "year": 15,
        "mwh_generated": 2890800.0,
        "energy_revenue": 158994000.0,
        "capacity_revenue": 55000000,
        "total_revenue": 213994000.0,
        "fuel_cost": 70463249.99999999,
        "variable_om": 4372594.376611157,
        "fixed_om": 8319243.4867031155,
        "carbon_cost": 25294500.0,
        "total_operating_cost": 108449587.86331426,
        "ebitda": 105544412.13668574,
        "depreciation": 0.0,
        "ebit": 105544412.13668574,
        "taxes": 42217764.8546743,
        "net_income": 63326647.28201144,
        "operating_cash_flow": 63326647.28201144,
        "interest_expense": 21600000.0,
        "fcff": 41726647.28201144,
        "discount_factor": 0.3295902051988469,
        "pv_fcff": 13752694.239938058
      }
    ],
    "summary": {
      "npv": 63700634.07831061,
      "irr": 0.0,
      "avg_annual_ebitda": 107832265.5573029,
      "avg_annual_fcff": 54181858.69438174,
      "cumulative_fcff": 812727880.4157262,
      "total_revenue": 3209910000.0,
      "total_ebitda": 1617483983.3595436
    }
  }
}