[
  {
    "name": "Co-located Nuclear (Talen-AWS Model)",
    "capacity_mw": 800,
    "capacity_factor": 0.92,
    "fuel_cost_mmbtu": 0.7,
    "heat_rate_btu_kwh": 10400,
    "fixed_om_kw_yr": 50,
    "variable_om_mwh": 2,
    "om_escalation": 0.03,
    "capital_structure_debt": 0.6,
    "cost_of_debt": 0.08,
    "capital_structure_equity": 0.4,
    "cost_of_equity": 0.12,
    "tax_rate": 0.4,
    "economic_life_years": 17,
    "macrs_schedule": 5,
    "carbon_emissions_lb_mwh": 0,
    "carbon_price_ton": 20,
    "purchase_price_million": 3000,
    "construction_months": 0,
    "ppa_price_estimate_mwh": 60,
    "capacity_payment_mw_year": 150000,
    "deal_type": "Acquisition + PPA",
    "strategic_value": "Direct data center partnership, front-of-meter, grid-connected"
  },
  {
    "name": "Build New CCGT Natural Gas",
    "capacity_mw": 550,
    "capacity_factor": 0.7,
    "fuel_cost_mmbtu": 3.75,
    "heat_rate_btu_kwh": 6150,
    "fixed_om_kw_yr": 14.5,
    "variable_om_mwh": 2.75,
    "om_escalation": 0.03,
    "capital_structure_debt": 0.6,
    "cost_of_debt": 0.08,
    "capital_structure_equity": 0.4,
    "cost_of_equity": 0.12,
    "tax_rate": 0.4,
    "economic_life_years": 20,
    "macrs_schedule": 5,
    "carbon_emissions_lb_mwh": 720,
    "carbon_price_ton": 20,
    "epc_cost_kw": 1150,
    "additional_owners_cost_kw": 100,
    "total_capital_cost_kw": 1250,
    "construction_months": 24,
    "ppa_price_estimate_mwh": 55,
    "capacity_payment_mw_year": 100000,
    "deal_type": "New Build",
    "strategic_value": "Fast deployment, flexible generation for data center adjacency"
  },
  {
    "name": "Acquire Existing CCGT Natural Gas",
    "capacity_mw": 550,
    "capacity_factor": 0.6,
    "fuel_cost_mmbtu": 3.75,
    "heat_rate_btu_kwh": 6500,
    "fixed_om_kw_yr": 10,
    "variable_om_mwh": 1,
    "om_escalation": 0.03,
    "capital_structure_debt": 0.6,
    "cost_of_debt": 0.08,
    "capital_structure_equity": 0.4,
    "cost_of_equity": 0.12,
    "tax_rate": 0.4,
    "economic_life_years": 15,
    "macrs_schedule": 5,
    "carbon_emissions_lb_mwh": 875,
    "carbon_price_ton": 20,
    "purchase_price_million": 450,
    "construction_months": 0,
    "ppa_price_estimate_mwh": 55,
    "capacity_payment_mw_year": 100000,
    "deal_type": "Acquisition",
    "strategic_value": "Immediate cash flow, lower upfront capital"
  }
]